Section,#,Item,Spec / used for,Qty,Search keywords,Try first,Price EGP,Link
A. Motion parts (most important – buy these first),A1,Smooth rod 12 mm,"chrome hardened, 800 mm (or 1000 mm), straight",2,"12mm linear rod, 12mm smooth rod 800mm, chrome shaft 12mm, optical axis 12mm",MECH,,
A. Motion parts (most important – buy these first),A2,Linear bearing LM12UU,"standard (not ""L"" long, not ""OP"" open)",4,"LM12UU, linear bearing 12mm","MECH, ELEC",,
A. Motion parts (most important – buy these first),A3,Stepper motor NEMA17,"42×42 mm, 40–48 mm long, 1.5–2.0 A, 5 mm shaft (e.g. 17HS4401, 17HS8401)",1,"NEMA17, 17HS4401, stepper motor 42, 42 stepper","ELEC, MECH",,
A. Motion parts (most important – buy these first),A4,Stepper driver TMC2209,module (BigTreeTech / FYSETC style). Silent = needed for video,1,"TMC2209, TMC2209 driver, silent stepper driver","ELEC, 3DP",,
A. Motion parts (most important – buy these first),A4b,*(fallback)* A4988 or DRV8825,only if no TMC2209; louder,1,"A4988, DRV8825",ELEC,,
A. Motion parts (most important – buy these first),A5,GT2 pulley 20 teeth,"5 mm bore, for 6 mm belt",2,"GT2 pulley 20T 5mm, GT2 20 teeth pulley","ELEC, 3DP, MECH",,
A. Motion parts (most important – buy these first),A6,GT2 timing belt,"6 mm wide, open belt. 2 m for 800 mm rail (2.5 m for 1000 mm)",2 m,"GT2 belt 6mm, GT2 timing belt, 2GT belt","ELEC, 3DP, MECH",,
A. Motion parts (most important – buy these first),A7,Ball bearing 625ZZ,5×16×5 mm (hand-crank shaft),2,"625ZZ, 625 bearing, bearing 5x16x5","MECH, 3DP",,
A. Motion parts (most important – buy these first),A8,Shaft 5 mm,"smooth rod, cut to ~70 mm (or use an M5×70 bolt)",1,"5mm linear rod, 5mm shaft, 5mm smooth rod",MECH,,
A. Motion parts (most important – buy these first),A9,Micro limit switch,"KW11-3Z (or a 3-D printer ""endstop module"")",2,"KW11 limit switch, micro switch lever, endstop switch","ELEC, 3DP",,
B. Electronics,B1,ESP32 dev board,"ESP32-WROOM-32 DevKit V1 (30 or 38 pin) – has Wi-Fi and Bluetooth. Not ESP32-S2 (no BT), not ESP8266",1,"ESP32 devkit, ESP32 WROOM 32, NodeMCU ESP32",ELEC,,
B. Electronics,B2,Buck converter 12 V → 5 V,LM2596 module (adjustable) or MP1584 / Mini-360,1,"LM2596, step down converter, buck converter",ELEC,,
B. Electronics,B3,Power adapter 12 V,"12 V 2 A (or 3 A), 5.5×2.1 mm plug",1,"12V 2A adapter, 12V power supply 5.5",ELEC,,
B. Electronics,B4,"DC jack, panel mount","5.5×2.1 mm female, 8 mm hole",1,"DC jack panel 5.5 2.1, DC005 (PCB) or DC-022 (panel)",ELEC,,
B. Electronics,B5,Rocker switch,"KCD1 small (21×15 mm, 19×13 cut-out)",1,"KCD1 rocker switch, rocker switch 2 pin",ELEC,,
B. Electronics,B6,Electrolytic capacitor,100 µF 35 V (across driver motor supply),1,100uf 35v capacitor,ELEC,,
B. Electronics,B7,Perfboard,7×5 cm (double-sided is nicer),1,"perfboard 7x5, PCB prototype board 5x7",ELEC,,
B. Electronics,B8,Female pin headers,"1×40 pin, 2.54 mm (to socket ESP32 + driver)",2,female header 40 pin,ELEC,,
B. Electronics,B9,Connectors,JST-XH 2.54 kit or Dupont kit; screw terminal 2-pin ×2,1 kit,"JST XH connector kit, dupont connector kit, terminal block 2 pin",ELEC,,
B. Electronics,B10,Motor cable,"4-core, ~1 m (or the cable that comes with the motor)",1,"4 core cable, stepper motor cable",ELEC,,
B. Electronics,B11,Hook-up wire,"22 AWG silicone or solid, few colours",1 set,"22AWG wire, jumper wire",ELEC,,
B-optional (nice to have),B12,Rotary encoder,"KY-040 module (or EC11 + knob). ""Electronic hand wheel"" + menu",1,"KY-040, rotary encoder module",ELEC,,
B-optional (nice to have),B13,Push buttons,12 mm panel / tactile with cap,2,"push button 12mm, tactile switch 12x12",ELEC,,
B-optional (nice to have),B14,LED 5 mm + 330 Ω resistor,status,1,"LED 5mm, resistor 330 ohm",ELEC,,
B-optional (nice to have),B15,Optocoupler PC817 + 1 kΩ resistor,camera shutter output (time-lapse),1,PC817,ELEC,,
B-optional (nice to have),B16,3S battery: 3× 18650 cells + 3S BMS + 3S holder,cordless use (≈11.1 V),1 set,"18650 battery, 3S BMS 20A, 18650 holder 3",ELEC,,
B-optional (nice to have),B16b,*(alt.)* 12 V power bank / 3S Li-ion pack with DC out,cordless use,1,"12V lithium battery pack, 12V power bank DC",ELEC,,
B-optional (nice to have),B17,Heat-shrink tube,assorted,1,heat shrink,ELEC,,
"C. Screws, nuts, small parts",C1,M3×10 socket screw,NEMA17 to motor plate,4,"M3 screw 10mm, M3 allen bolt","ELEC, 3DP, MECH",,
"C. Screws, nuts, small parts",C2,M3×16 socket screw,belt clamps,4,M3x16,″,,
"C. Screws, nuts, small parts",C3,M3×20 screw,endstop clips,2,M3x20,″,,
"C. Screws, nuts, small parts",C4,M3×8 screw,box lid,4,M3x8,″,,
"C. Screws, nuts, small parts",C5,M3 hex nut,"belt clamps, clips, wheel",10,M3 nut,″,,
"C. Screws, nuts, small parts",C6,M3 grub (set) screw ×4–6 mm,hand wheel on shaft,1,"M3 grub screw, M3 set screw",″,,
"C. Screws, nuts, small parts",C7,M4×16 screw,rod set-screws in end blocks,4,M4x16,″,,
"C. Screws, nuts, small parts",C8,M4×12 screw,electronics box to end block,2,M4x12,″,,
"C. Screws, nuts, small parts",C9,M4 hex nut,,6,M4 nut,″,,
"C. Screws, nuts, small parts",C10,M2×10 screw + nut,micro switches,4,M2 screw,″,,
"C. Screws, nuts, small parts",C11,M5×30 bolt + nyloc nut,crank handle on hand wheel,1,"M5x30, M5 nylock nut",″,,
"C. Screws, nuts, small parts",C12,M5 washers,shims on idler shaft,4,M5 washer,″,,
"C. Screws, nuts, small parts",C13,"**1/4""-20 hex nut**",tripod threads in end blocks,4,"1/4 inch nut, 1/4-20 nut, UNC 1/4 nut, camera screw nut","MECH, hardware store",,
"C. Screws, nuts, small parts",C14,"**3/8""-16 hex nut**",tripod threads in end blocks,2,"3/8 inch nut, 3/8-16 nut, UNC 3/8 nut","MECH, hardware store",,
"C. Screws, nuts, small parts",C15,"3/8""-16 × 5/8"" screw (or 1/4""-20 × 5/8"")",ball head to carriage,1,"3/8 camera screw, 1/4 camera screw",photo store / AliExpress,,
"C. Screws, nuts, small parts",C16,Zip ties 3 mm,"bearings, cables",10,cable tie,ELEC,,
"C. Screws, nuts, small parts",C17,Rubber feet / pads 20 mm,table feet,4–8,"rubber feet, silicone bumper",ELEC,,
E. 3-D printing,E1,**PETG filament 1.75 mm**,1 kg is enough for everything (≈ 600 g used). PETG is stiffer in the sun / car than PLA,1,"PETG 1.75, PETG filament",3DP,,
E. 3-D printing,E2,*(alt.)* PLA+ 1.75 mm,fine for indoor use,1,PLA plus 1.75,3DP,,
